Date;coef mort;coef betaH;% Original Variant;% Variant 2;Estimated V1 (Pfizer);Estimated V2 (Moderna);Estimated V3 (AstraZeneca);Estimated V4 (J&J)
19-Jan-2020;1;1;100;0;-;-;-;-
20-Jan-2020;1;1;100;0;-;-;-;-
21-Jan-2020;1;1;100;0;-;-;-;-
22-Jan-2020;1;1;100;0;-;-;-;-
23-Jan-2020;1;1;100;0;-;-;-;-
24-Jan-2020;1;1;100;0;-;-;-;-
25-Jan-2020;1;1;100;0;-;-;-;-
26-Jan-2020;1;1;100;0;-;-;-;-
27-Jan-2020;1;1;100;0;-;-;-;-
28-Jan-2020;1;1;100;0;-;-;-;-
29-Jan-2020;1;1;100;0;-;-;-;-
30-Jan-2020;1;1;100;0;-;-;-;-
31-Jan-2020;1;1;100;0;-;-;-;-
01-Feb-2020;1;1;100;0;-;-;-;-
02-Feb-2020;1;1;100;0;-;-;-;-
03-Feb-2020;1;1;100;0;-;-;-;-
04-Feb-2020;1;1;100;0;-;-;-;-
05-Feb-2020;1;1;100;0;-;-;-;-
06-Feb-2020;1;1;100;0;-;-;-;-
07-Feb-2020;1;1;100;0;-;-;-;-
08-Feb-2020;1;1;100;0;-;-;-;-
09-Feb-2020;1;1;100;0;-;-;-;-
10-Feb-2020;1;1;100;0;-;-;-;-
11-Feb-2020;1;1;100;0;-;-;-;-
12-Feb-2020;1;1;100;0;-;-;-;-
13-Feb-2020;1;1;100;0;-;-;-;-
14-Feb-2020;1;1;100;0;-;-;-;-
15-Feb-2020;1;1;100;0;-;-;-;-
16-Feb-2020;1;1;100;0;-;-;-;-
17-Feb-2020;1;1;100;0;-;-;-;-
18-Feb-2020;1;1;100;0;-;-;-;-
19-Feb-2020;1;1;100;0;-;-;-;-
20-Feb-2020;1;1;100;0;-;-;-;-
21-Feb-2020;1;1;100;0;-;-;-;-
22-Feb-2020;1;1;100;0;-;-;-;-
23-Feb-2020;1;1;100;0;-;-;-;-
24-Feb-2020;1;1;100;0;-;-;-;-
25-Feb-2020;1;1;100;0;-;-;-;-
26-Feb-2020;1;1;100;0;-;-;-;-
27-Feb-2020;1;1;100;0;-;-;-;-
28-Feb-2020;1;1;100;0;-;-;-;-
29-Feb-2020;1;1;100;0;-;-;-;-
01-Mar-2020;1;1;100;0;-;-;-;-
02-Mar-2020;1;1;100;0;-;-;-;-
03-Mar-2020;1;1;100;0;-;-;-;-
04-Mar-2020;1;1;100;0;-;-;-;-
05-Mar-2020;1;1;100;0;-;-;-;-
06-Mar-2020;1;1;100;0;-;-;-;-
07-Mar-2020;1;1;100;0;-;-;-;-
08-Mar-2020;1;1;100;0;-;-;-;-
09-Mar-2020;1;1;100;0;-;-;-;-
10-Mar-2020;1;1;100;0;-;-;-;-
11-Mar-2020;1;1;100;0;-;-;-;-
12-Mar-2020;1;1;100;0;-;-;-;-
13-Mar-2020;1;1;100;0;-;-;-;-
14-Mar-2020;1;1;100;0;-;-;-;-
15-Mar-2020;1;1;100;0;-;-;-;-
16-Mar-2020;1;1;100;0;-;-;-;-
17-Mar-2020;1;1;100;0;-;-;-;-
18-Mar-2020;1;1;100;0;-;-;-;-
19-Mar-2020;1;1;100;0;-;-;-;-
20-Mar-2020;1;1;100;0;-;-;-;-
21-Mar-2020;1;1;100;0;-;-;-;-
22-Mar-2020;1;1;100;0;-;-;-;-
23-Mar-2020;1;1;100;0;-;-;-;-
24-Mar-2020;1;1;100;0;-;-;-;-
25-Mar-2020;1;1;100;0;-;-;-;-
26-Mar-2020;1;1;100;0;-;-;-;-
27-Mar-2020;1;1;100;0;-;-;-;-
28-Mar-2020;1;1;100;0;-;-;-;-
29-Mar-2020;1;1;100;0;-;-;-;-
30-Mar-2020;1;1;100;0;-;-;-;-
31-Mar-2020;1;1;100;0;-;-;-;-
01-Apr-2020;1;1;100;0;-;-;-;-
02-Apr-2020;1;1;100;0;-;-;-;-
03-Apr-2020;1;1;100;0;-;-;-;-
04-Apr-2020;1;1;100;0;-;-;-;-
05-Apr-2020;1;1;100;0;-;-;-;-
06-Apr-2020;1;1;100;0;-;-;-;-
07-Apr-2020;1;1;100;0;-;-;-;-
08-Apr-2020;1;1;100;0;-;-;-;-
09-Apr-2020;1;1;100;0;-;-;-;-
10-Apr-2020;1;1;100;0;-;-;-;-
11-Apr-2020;1;1;100;0;-;-;-;-
12-Apr-2020;1;1;100;0;-;-;-;-
13-Apr-2020;1;1;100;0;-;-;-;-
14-Apr-2020;1;1;100;0;-;-;-;-
15-Apr-2020;1;1;100;0;-;-;-;-
16-Apr-2020;1;1;100;0;-;-;-;-
17-Apr-2020;1;1;100;0;-;-;-;-
18-Apr-2020;1;1;100;0;-;-;-;-
19-Apr-2020;1;1;100;0;-;-;-;-
20-Apr-2020;1;1;100;0;-;-;-;-
21-Apr-2020;1;1;100;0;-;-;-;-
22-Apr-2020;1;1;100;0;-;-;-;-
23-Apr-2020;1;1;100;0;-;-;-;-
24-Apr-2020;1;1;100;0;-;-;-;-
25-Apr-2020;1;1;100;0;-;-;-;-
26-Apr-2020;1;1;100;0;-;-;-;-
27-Apr-2020;1;1;100;0;-;-;-;-
28-Apr-2020;1;1;100;0;-;-;-;-
29-Apr-2020;1;1;100;0;-;-;-;-
30-Apr-2020;1;1;100;0;-;-;-;-
01-May-2020;1;1;100;0;-;-;-;-
02-May-2020;1;1;100;0;-;-;-;-
03-May-2020;1;1;100;0;-;-;-;-
04-May-2020;1;1;100;0;-;-;-;-
05-May-2020;1;1;100;0;-;-;-;-
06-May-2020;1;1;100;0;-;-;-;-
07-May-2020;1;1;100;0;-;-;-;-
08-May-2020;1;1;100;0;-;-;-;-
09-May-2020;1;1;100;0;-;-;-;-
10-May-2020;1;1;100;0;-;-;-;-
11-May-2020;1;1;100;0;-;-;-;-
12-May-2020;1;1;100;0;-;-;-;-
13-May-2020;1;1;100;0;-;-;-;-
14-May-2020;1;1;100;0;-;-;-;-
15-May-2020;1;1;100;0;-;-;-;-
16-May-2020;1;1;100;0;-;-;-;-
17-May-2020;1;1;100;0;-;-;-;-
18-May-2020;1;1;100;0;-;-;-;-
19-May-2020;1;1;100;0;-;-;-;-
20-May-2020;1;1;100;0;-;-;-;-
21-May-2020;1;1;100;0;-;-;-;-
22-May-2020;1;1;100;0;-;-;-;-
23-May-2020;1;1;100;0;-;-;-;-
24-May-2020;1;1;100;0;-;-;-;-
25-May-2020;1;1;100;0;-;-;-;-
26-May-2020;1;1;100;0;-;-;-;-
27-May-2020;1;1;100;0;-;-;-;-
28-May-2020;1;1;100;0;-;-;-;-
29-May-2020;1;1;100;0;-;-;-;-
30-May-2020;1;1;100;0;-;-;-;-
31-May-2020;1;1;100;0;-;-;-;-
01-Jun-2020;1;1;100;0;-;-;-;-
02-Jun-2020;1;1;100;0;-;-;-;-
03-Jun-2020;1;1;100;0;-;-;-;-
04-Jun-2020;1;1;100;0;-;-;-;-
05-Jun-2020;1;1;100;0;-;-;-;-
06-Jun-2020;1;1;100;0;-;-;-;-
07-Jun-2020;1;1;100;0;-;-;-;-
08-Jun-2020;1;1;100;0;-;-;-;-
09-Jun-2020;1;1;100;0;-;-;-;-
10-Jun-2020;1;1;100;0;-;-;-;-
11-Jun-2020;1;1;100;0;-;-;-;-
12-Jun-2020;1;1;100;0;-;-;-;-
13-Jun-2020;1;1;100;0;-;-;-;-
14-Jun-2020;1;1;100;0;-;-;-;-
15-Jun-2020;1;1;100;0;-;-;-;-
16-Jun-2020;1;1;100;0;-;-;-;-
17-Jun-2020;1;1;100;0;-;-;-;-
18-Jun-2020;1;1;100;0;-;-;-;-
19-Jun-2020;1;1;100;0;-;-;-;-
20-Jun-2020;1;1;100;0;-;-;-;-
21-Jun-2020;1;1;100;0;-;-;-;-
22-Jun-2020;1;1;100;0;-;-;-;-
23-Jun-2020;1;1;100;0;-;-;-;-
24-Jun-2020;1;1;100;0;-;-;-;-
25-Jun-2020;1;1;100;0;-;-;-;-
26-Jun-2020;1;1;100;0;-;-;-;-
27-Jun-2020;1;1;100;0;-;-;-;-
28-Jun-2020;1;1;100;0;-;-;-;-
29-Jun-2020;1;1;100;0;-;-;-;-
30-Jun-2020;1;1;100;0;-;-;-;-
01-Jul-2020;1;1;100;0;-;-;-;-
02-Jul-2020;1;1;100;0;-;-;-;-
03-Jul-2020;1;1;100;0;-;-;-;-
04-Jul-2020;1;1;100;0;-;-;-;-
05-Jul-2020;1;1;100;0;-;-;-;-
06-Jul-2020;1;1;100;0;-;-;-;-
07-Jul-2020;1;1;100;0;-;-;-;-
08-Jul-2020;1;1;100;0;-;-;-;-
09-Jul-2020;1;1;100;0;-;-;-;-
10-Jul-2020;1;1;100;0;-;-;-;-
11-Jul-2020;1;1;100;0;-;-;-;-
12-Jul-2020;1;1;100;0;-;-;-;-
13-Jul-2020;1;1;100;0;-;-;-;-
14-Jul-2020;1;1;100;0;-;-;-;-
15-Jul-2020;1;1;100;0;-;-;-;-
16-Jul-2020;1;1;100;0;-;-;-;-
17-Jul-2020;1;1;100;0;-;-;-;-
18-Jul-2020;1;1;100;0;-;-;-;-
19-Jul-2020;1;1;100;0;-;-;-;-
20-Jul-2020;1;1;100;0;-;-;-;-
21-Jul-2020;1;1;100;0;-;-;-;-
22-Jul-2020;1;1;100;0;-;-;-;-
23-Jul-2020;1;1;100;0;-;-;-;-
24-Jul-2020;1;1;100;0;-;-;-;-
25-Jul-2020;1;1;100;0;-;-;-;-
26-Jul-2020;1;1;100;0;-;-;-;-
27-Jul-2020;1;1;100;0;-;-;-;-
28-Jul-2020;1;1;100;0;-;-;-;-
29-Jul-2020;1;1;100;0;-;-;-;-
30-Jul-2020;1;1;100;0;-;-;-;-
31-Jul-2020;1;1;100;0;-;-;-;-
01-Aug-2020;1;1;100;0;-;-;-;-
02-Aug-2020;1;1;100;0;-;-;-;-
03-Aug-2020;1;1;100;0;-;-;-;-
04-Aug-2020;1;1;100;0;-;-;-;-
05-Aug-2020;1;1;100;0;-;-;-;-
06-Aug-2020;1;1;100;0;-;-;-;-
07-Aug-2020;1;1;100;0;-;-;-;-
08-Aug-2020;1;1;100;0;-;-;-;-
09-Aug-2020;1;1;100;0;-;-;-;-
10-Aug-2020;1;1;100;0;-;-;-;-
11-Aug-2020;1;1;100;0;-;-;-;-
12-Aug-2020;1;1;100;0;-;-;-;-
13-Aug-2020;1;1;100;0;-;-;-;-
14-Aug-2020;1;1;100;0;-;-;-;-
15-Aug-2020;1;1;100;0;-;-;-;-
16-Aug-2020;1;1;100;0;-;-;-;-
17-Aug-2020;1;1;100;0;-;-;-;-
18-Aug-2020;1;1;100;0;-;-;-;-
19-Aug-2020;1;1;100;0;-;-;-;-
20-Aug-2020;1;1;100;0;-;-;-;-
21-Aug-2020;1;1;100;0;-;-;-;-
22-Aug-2020;1;1;100;0;-;-;-;-
23-Aug-2020;1;1;100;0;-;-;-;-
24-Aug-2020;1;1;100;0;-;-;-;-
25-Aug-2020;1;1;100;0;-;-;-;-
26-Aug-2020;1;1;100;0;-;-;-;-
27-Aug-2020;1;1;100;0;-;-;-;-
28-Aug-2020;1;1;100;0;-;-;-;-
29-Aug-2020;1;1;100;0;-;-;-;-
30-Aug-2020;1;1;100;0;-;-;-;-
31-Aug-2020;1;1;100;0;-;-;-;-
01-Sep-2020;1;1;100;0;-;-;-;-
02-Sep-2020;1;1;100;0;-;-;-;-
03-Sep-2020;1;1;100;0;-;-;-;-
04-Sep-2020;1;1;100;0;-;-;-;-
05-Sep-2020;1;1;100;0;-;-;-;-
06-Sep-2020;1;1;100;0;-;-;-;-
07-Sep-2020;1;1;100;0;-;-;-;-
08-Sep-2020;1;1;100;0;-;-;-;-
09-Sep-2020;1;1;100;0;-;-;-;-
10-Sep-2020;1;1;100;0;-;-;-;-
11-Sep-2020;1;1;100;0;-;-;-;-
12-Sep-2020;1;1;100;0;-;-;-;-
13-Sep-2020;1;1;100;0;-;-;-;-
14-Sep-2020;1;1;100;0;-;-;-;-
15-Sep-2020;1;1;100;0;-;-;-;-
16-Sep-2020;1;1;100;0;-;-;-;-
17-Sep-2020;1;1;100;0;-;-;-;-
18-Sep-2020;1;1;100;0;-;-;-;-
19-Sep-2020;1;1;100;0;-;-;-;-
20-Sep-2020;1;1;100;0;-;-;-;-
21-Sep-2020;1;1;100;0;-;-;-;-
22-Sep-2020;1;1;100;0;-;-;-;-
23-Sep-2020;1;1;100;0;-;-;-;-
24-Sep-2020;1;1;100;0;-;-;-;-
25-Sep-2020;1;1;100;0;-;-;-;-
26-Sep-2020;1;1;100;0;-;-;-;-
27-Sep-2020;1;1;100;0;-;-;-;-
28-Sep-2020;1;1;100;0;-;-;-;-
29-Sep-2020;1;1;100;0;-;-;-;-
30-Sep-2020;1;1;100;0;-;-;-;-
01-Oct-2020;1;1;100;0;-;-;-;-
02-Oct-2020;1;1;100;0;-;-;-;-
03-Oct-2020;1;1;100;0;-;-;-;-
04-Oct-2020;1;1;100;0;-;-;-;-
05-Oct-2020;1;1;100;0;-;-;-;-
06-Oct-2020;1;1;100;0;-;-;-;-
07-Oct-2020;1;1;100;0;-;-;-;-
08-Oct-2020;1;1;100;0;-;-;-;-
09-Oct-2020;1;1;99.9994;0.0006;-;-;-;-
10-Oct-2020;1;1;99.9975;0.0025;-;-;-;-
11-Oct-2020;1;1;99.9943;0.0057;-;-;-;-
12-Oct-2020;1;1;99.9898;0.0102;-;-;-;-
13-Oct-2020;1;1;99.984;0.016;-;-;-;-
14-Oct-2020;1;1;99.9767;0.0233;-;-;-;-
15-Oct-2020;1;1;99.9681;0.0319;-;-;-;-
16-Oct-2020;1;1;99.9579;0.0421;-;-;-;-
17-Oct-2020;1;1;99.9464;0.0536;-;-;-;-
18-Oct-2020;1;1;99.9333;0.0667;-;-;-;-
19-Oct-2020;1;1;99.9186;0.0814;-;-;-;-
20-Oct-2020;1;1;99.9024;0.0976;-;-;-;-
21-Oct-2020;1;1;99.8846;0.1154;-;-;-;-
22-Oct-2020;1;1;99.8651;0.1349;-;-;-;-
23-Oct-2020;1;1;99.844;0.156;-;-;-;-
24-Oct-2020;1;1;99.8212;0.1788;-;-;-;-
25-Oct-2020;1;1;99.7967;0.2033;-;-;-;-
26-Oct-2020;1;1;99.7704;0.2296;-;-;-;-
27-Oct-2020;1;1;99.7423;0.2577;-;-;-;-
28-Oct-2020;1;1;99.7124;0.2876;-;-;-;-
29-Oct-2020;1;1;99.6806;0.3194;-;-;-;-
30-Oct-2020;1;1;99.647;0.353;-;-;-;-
31-Oct-2020;1;1;99.6114;0.3886;-;-;-;-
01-Nov-2020;1;1;99.5739;0.4261;-;-;-;-
02-Nov-2020;1;1;99.5344;0.4656;-;-;-;-
03-Nov-2020;1;1;99.4929;0.5071;-;-;-;-
04-Nov-2020;1;1;99.4494;0.5506;-;-;-;-
05-Nov-2020;1;1;99.4038;0.5962;-;-;-;-
06-Nov-2020;1;1;99.3561;0.6439;-;-;-;-
07-Nov-2020;1;1;99.3063;0.6937;-;-;-;-
08-Nov-2020;1;1;99.2543;0.7457;-;-;-;-
09-Nov-2020;1;1;99.2001;0.7999;-;-;-;-
10-Nov-2020;1;1;99.1437;0.8563;-;-;-;-
11-Nov-2020;1;1;99.0851;0.9149;-;-;-;-
12-Nov-2020;1;1;99.0241;0.9759;-;-;-;-
13-Nov-2020;1;1;98.9609;1.0391;-;-;-;-
14-Nov-2020;1;1;98.8953;1.1047;-;-;-;-
15-Nov-2020;1;1;98.8273;1.1727;-;-;-;-
16-Nov-2020;1;1;98.7569;1.2431;-;-;-;-
17-Nov-2020;1;1;98.684;1.316;-;-;-;-
18-Nov-2020;1;1;98.6087;1.3913;-;-;-;-
19-Nov-2020;1;1;98.5309;1.4691;-;-;-;-
20-Nov-2020;1;1;98.4505;1.5495;-;-;-;-
21-Nov-2020;1;1;98.3676;1.6324;-;-;-;-
22-Nov-2020;1;1;98.2821;1.7179;-;-;-;-
23-Nov-2020;1;1;98.194;1.806;-;-;-;-
24-Nov-2020;1;1;98.1032;1.8968;-;-;-;-
25-Nov-2020;1;1;98.0097;1.9903;-;-;-;-
26-Nov-2020;1;1;97.9135;2.0865;-;-;-;-
27-Nov-2020;1;1;97.8145;2.1855;-;-;-;-
28-Nov-2020;1;1;97.7128;2.2872;-;-;-;-
29-Nov-2020;1;1;97.6082;2.3918;-;-;-;-
30-Nov-2020;1;1;97.5008;2.4992;-;-;-;-
01-Dec-2020;1;1;97.3906;2.6094;-;-;-;-
02-Dec-2020;1;1;97.2774;2.7226;-;-;-;-
03-Dec-2020;1;1;97.1613;2.8387;-;-;-;-
04-Dec-2020;1;1;97.0422;2.9578;-;-;-;-
05-Dec-2020;1;1;96.9201;3.0799;-;-;-;-
06-Dec-2020;1;1;96.795;3.205;-;-;-;-
07-Dec-2020;1;1;96.6668;3.3332;-;-;-;-
08-Dec-2020;1;1;96.5355;3.4645;-;-;-;-
09-Dec-2020;1;1;96.4011;3.5989;-;-;-;-
10-Dec-2020;1;1;96.2636;3.7364;-;-;-;-
11-Dec-2020;1;1;96.1228;3.8772;-;-;-;-
12-Dec-2020;1;1;95.9789;4.0211;-;-;-;-
13-Dec-2020;1;1;95.8317;4.1683;-;-;-;-
14-Dec-2020;1;1;95.6812;4.3188;-;-;-;-
15-Dec-2020;1;1;95.5274;4.4726;-;-;-;-
16-Dec-2020;1;1;95.3703;4.6297;-;-;-;-
17-Dec-2020;1;1;95.2098;4.7902;-;-;-;-
18-Dec-2020;1;1;95.0459;4.9541;-;-;-;-
19-Dec-2020;1;1;94.8785;5.1215;-;-;-;-
20-Dec-2020;1;1;94.7077;5.2923;-;-;-;-
21-Dec-2020;1;1;94.5334;5.4666;-;-;-;-
22-Dec-2020;1;1;94.3556;5.6444;-;-;-;-
23-Dec-2020;1;1;94.1742;5.8258;-;-;-;-
24-Dec-2020;1;1;93.9893;6.0107;-;-;-;-
25-Dec-2020;1;1;93.8007;6.1993;-;-;-;-
26-Dec-2020;1;1;93.6084;6.3916;-;-;-;-
27-Dec-2020;1;1;93.4125;6.5875;-;-;-;-
28-Dec-2020;1;1;93.2129;6.7871;-;-;-;-
29-Dec-2020;1;1;93.0095;6.9905;-;-;-;-
30-Dec-2020;1;1;92.8023;7.1977;-;-;-;-
31-Dec-2020;1;1;92.5913;7.4087;-;-;-;-
01-Jan-2021;1;1;92.3765;7.6235;-;-;-;-
02-Jan-2021;1;1;92.1579;7.8421;-;-;-;-
03-Jan-2021;1;1;91.9353;8.0647;-;-;-;-
04-Jan-2021;1;1;91.7088;8.2912;-;-;-;-
05-Jan-2021;1;1;91.4783;8.5217;-;-;-;-
06-Jan-2021;1;1;91.2439;8.7561;-;-;-;-
07-Jan-2021;1;1;91.0054;8.9946;-;-;-;-
08-Jan-2021;1.000038026;0.998389069;90.7629;9.2371;-;-;-;-
09-Jan-2021;1.000051731;0.998029452;90.5163;9.4837;-;-;-;-
10-Jan-2021;1.000059256;0.997782785;90.2655;9.7345;-;-;-;-
11-Jan-2021;1.000075142;0.99673078;90.0107;9.9893;-;-;-;-
12-Jan-2021;1.0000964;0.991388698;89.7516;10.2484;-;-;-;-
13-Jan-2021;1.000128316;0.988872141;89.4883;10.5117;-;-;-;-
14-Jan-2021;1.000298396;0.980260839;89.2208;10.7792;-;-;-;-
15-Jan-2021;1.00048588;0.972304444;88.949;11.051;-;-;-;-
16-Jan-2021;1.000780569;0.957185599;88.673;11.327;-;-;-;-
17-Jan-2021;1.001059642;0.94007088;88.3925;11.6075;-;-;-;-
18-Jan-2021;1.001252621;0.926387969;88.1078;11.8922;-;-;-;-
19-Jan-2021;1.001350883;0.907786918;87.8186;12.1814;-;-;-;-
20-Jan-2021;1.001475439;0.889194985;87.525;12.475;-;-;-;-
21-Jan-2021;1.001504586;0.87294284;87.2269;12.7731;-;-;-;-
22-Jan-2021;1.00159131;0.861542229;86.9244;13.0756;-;-;-;-
23-Jan-2021;1.001444362;0.847002316;86.6173;13.3827;-;-;-;-
24-Jan-2021;1.001115649;0.832792642;86.3057;13.6943;-;-;-;-
25-Jan-2021;1.000544057;0.81736255;85.9895;14.0105;-;-;-;-
26-Jan-2021;0.99974846;0.802919379;85.6687;14.3313;-;-;-;-
27-Jan-2021;0.998940148;0.789339288;85.3432;14.6568;-;-;-;-
28-Jan-2021;0.998305888;0.77958329;85.0131;14.9869;-;-;-;-
29-Jan-2021;0.997864142;0.773782317;84.6782;15.3218;-;-;-;-
30-Jan-2021;0.997223457;0.767514602;84.3387;15.6613;-;-;-;-
31-Jan-2021;0.996600129;0.763184766;83.9943;16.0057;-;-;-;-
01-Feb-2021;0.99606415;0.758966613;83.6452;16.3548;-;-;-;-
02-Feb-2021;0.995700101;0.752763478;83.2912;16.7088;-;-;-;-
03-Feb-2021;0.995432663;0.748392361;82.9324;17.0676;-;-;-;-
04-Feb-2021;0.995319385;0.740315926;82.5686;17.4314;-;-;-;-
05-Feb-2021;0.995263974;0.733072434;82.2;17.8;-;-;-;-
06-Feb-2021;0.995142351;0.718424635;81.3971;18.6029;-;-;-;-
07-Feb-2021;0.995028529;0.701735885;79.8127;20.1873;-;-;-;-
08-Feb-2021;0.994898706;0.687472016;77.5699;22.4301;-;-;-;-
09-Feb-2021;0.994791516;0.668885401;74.7917;25.2083;-;-;-;-
10-Feb-2021;0.994697684;0.6500078;71.6011;28.3989;-;-;-;-
11-Feb-2021;0.99464221;0.632971843;68.1213;31.8787;-;-;-;-
12-Feb-2021;0.994624279;0.621792067;64.4753;35.5247;-;-;-;-
13-Feb-2021;0.994568403;0.60629537;60.7861;39.2139;-;-;-;-
14-Feb-2021;0.994467492;0.59138571;57.1768;42.8232;-;-;-;-
15-Feb-2021;0.994324825;0.575209034;53.7705;46.2295;-;-;-;-
16-Feb-2021;0.994147525;0.558434938;50.6903;49.3097;-;-;-;-
17-Feb-2021;0.993930299;0.542175955;48.0591;51.9409;-;-;-;-
18-Feb-2021;0.993804384;0.529742079;46;54;-;-;-;-
19-Feb-2021;0.993784176;0.522939497;44.2779;55.7221;-;-;-;-
20-Feb-2021;0.993149272;0.513769523;42.5769;57.4231;-;-;-;-
21-Feb-2021;0.99239702;0.505035394;40.8995;59.1005;-;-;-;-
22-Feb-2021;0.99155069;0.495258377;39.2479;60.7521;-;-;-;-
23-Feb-2021;0.990571514;0.485612797;37.6243;62.3757;-;-;-;-
24-Feb-2021;0.989632204;0.476256683;36.0311;63.9689;-;-;-;-
25-Feb-2021;0.988821344;0.469640241;34.4705;65.5295;-;-;-;-
26-Feb-2021;0.988276507;0.466532342;32.9449;67.0551;-;-;-;-
27-Feb-2021;0.986680614;0.459660117;31.4565;68.5435;-;-;-;-
28-Feb-2021;0.984428933;0.453255899;30.0077;69.9923;-;-;-;-
01-Mar-2021;0.981768717;0.446452558;28.6007;71.3993;-;-;-;-
02-Mar-2021;0.978699682;0.439495493;27.2378;72.7622;-;-;-;-
03-Mar-2021;0.975590085;0.432574897;25.9213;74.0787;-;-;-;-
04-Mar-2021;0.972423241;0.427707408;24.6535;75.3465;-;-;-;-
05-Mar-2021;0.969895058;0.424967229;23.4367;76.5633;-;-;-;-
06-Mar-2021;0.964933512;0.419860671;22.2731;77.7269;-;-;-;-
07-Mar-2021;0.959705301;0.415083087;21.1651;78.8349;-;-;-;-
08-Mar-2021;0.95331114;0.410336399;20.115;79.885;-;-;-;-
09-Mar-2021;0.946937745;0.405557041;19.125;80.875;-;-;-;-
10-Mar-2021;0.941055253;0.400380333;18.1975;81.8025;-;-;-;-
11-Mar-2021;0.935765392;0.39612166;17.3347;82.6653;-;-;-;-
12-Mar-2021;0.9324356;0.393352611;16.5389;83.4611;-;-;-;-
13-Mar-2021;0.92700558;0.388074602;15.8125;84.1875;-;-;-;-
14-Mar-2021;0.921385186;0.381845381;15.1576;84.8424;-;-;-;-
15-Mar-2021;0.914366956;0.373883922;14.5766;85.4234;-;-;-;-
16-Mar-2021;0.907202802;0.365485351;14.0718;85.9282;-;-;-;-
17-Mar-2021;0.900502759;0.356095301;13.6455;86.3545;-;-;-;-
18-Mar-2021;0.894976447;0.348679345;13.3;86.7;-;-;-;-
19-Mar-2021;0.891566719;0.344724321;13.0019;86.9981;-;-;-;-
20-Mar-2021;0.885661644;0.337529706;12.716;87.284;-;-;-;-
21-Mar-2021;0.879207886;0.330653682;12.442;87.558;-;-;-;-
22-Mar-2021;0.871516425;0.3239134;12.1796;87.8204;-;-;-;-
23-Mar-2021;0.863909852;0.316950511;11.9283;88.0717;-;-;-;-
24-Mar-2021;0.857371255;0.310132734;11.6879;88.3121;-;-;-;-
25-Mar-2021;0.852455858;0.305159386;11.4579;88.5421;-;-;-;-
26-Mar-2021;0.849951778;0.301684526;11.238;88.762;-;-;-;-
27-Mar-2021;0.845640216;0.295934203;11.0278;88.9722;-;-;-;-
28-Mar-2021;0.84015549;0.291044428;10.827;89.173;-;-;-;-
29-Mar-2021;0.833443705;0.286630766;10.6352;89.3648;-;-;-;-
30-Mar-2021;0.827152797;0.282904934;10.452;89.548;-;-;-;-
31-Mar-2021;0.821223054;0.278516596;10.2771;89.7229;-;-;-;-
01-Apr-2021;0.816112706;0.275580148;10.1101;89.8899;-;-;-;-
02-Apr-2021;0.812919533;0.273717485;9.9507;90.0493;-;-;-;-
03-Apr-2021;0.807640677;0.27068936;9.7984;90.2016;-;-;-;-
04-Apr-2021;0.801189062;0.267312508;9.653;90.347;-;-;-;-
05-Apr-2021;0.793801366;0.263658346;9.514;90.486;-;-;-;-
06-Apr-2021;0.785691242;0.259978352;9.3812;90.6188;-;-;-;-
07-Apr-2021;0.77700159;0.25618085;9.254;90.746;-;-;-;-
08-Apr-2021;0.768920071;0.253045599;9.1323;90.8677;-;-;-;-
09-Apr-2021;0.763156167;0.251114305;9.0155;90.9845;-;-;-;-
10-Apr-2021;0.754365113;0.248237625;8.9035;91.0965;-;-;-;-
11-Apr-2021;0.744368281;0.245214311;8.7956;91.2044;-;-;-;-
12-Apr-2021;0.732603632;0.241636125;8.6918;91.3082;-;-;-;-
13-Apr-2021;0.721744255;0.238577103;8.5914;91.4086;-;-;-;-
14-Apr-2021;0.710711218;0.235578102;8.4943;91.5057;-;-;-;-
15-Apr-2021;0.70050627;0.233655925;8.4;91.6;-;-;-;-
16-Apr-2021;0.69683067;0.233209696;8.3072;91.6928;-;-;-;-
17-Apr-2021;0.689431595;0.232149333;8.2147;91.7853;-;-;-;-
18-Apr-2021;0.678491681;0.229267587;8.1227;91.8773;-;-;-;-
19-Apr-2021;0.664367311;0.226147279;8.031;91.969;-;-;-;-
20-Apr-2021;0.64940065;0.222643548;7.9397;92.0603;-;-;-;-
21-Apr-2021;0.634656671;0.219425738;7.8487;92.1513;-;-;-;-
22-Apr-2021;0.619488195;0.217598783;7.7582;92.2418;-;-;-;-
23-Apr-2021;0.610360344;0.216131699;7.6681;92.3319;-;-;-;-
24-Apr-2021;0.600184286;0.214370336;7.5783;92.4217;-;-;-;-
25-Apr-2021;0.589024603;0.212486147;7.489;92.511;-;-;-;-
26-Apr-2021;0.576372455;0.210314265;7.4001;92.5999;-;-;-;-
27-Apr-2021;0.563706837;0.208038802;7.3115;92.6885;-;-;-;-
28-Apr-2021;0.550578513;0.20556859;7.2234;92.7766;-;-;-;-
29-Apr-2021;0.53761174;0.203820903;7.1358;92.8642;-;-;-;-
30-Apr-2021;0.529412049;0.202808151;7.0485;92.9515;-;-;-;-
01-May-2021;0.519273843;0.200930546;6.9617;93.0383;-;-;-;-
02-May-2021;0.508417438;0.199228951;6.8753;93.1247;-;-;-;-
03-May-2021;0.49628133;0.197356158;6.7894;93.2106;-;-;-;-
04-May-2021;0.484201139;0.195378519;6.7039;93.2961;-;-;-;-
05-May-2021;0.472338326;0.193310976;6.6189;93.3811;-;-;-;-
06-May-2021;0.461086132;0.191838574;6.5343;93.4657;-;-;-;-
07-May-2021;0.452419033;0.190702995;6.4501;93.5499;-;-;-;-
08-May-2021;0.442435761;0.189203748;6.3665;93.6335;-;-;-;-
09-May-2021;0.432601617;0.187139244;6.2833;93.7167;-;-;-;-
10-May-2021;0.422819906;0.184894931;6.2005;93.7995;-;-;-;-
11-May-2021;0.411055222;0.18146363;6.1183;93.8817;-;-;-;-
12-May-2021;0.399945249;0.17791482;6.0365;93.9635;-;-;-;-
13-May-2021;0.391283353;0.176402657;5.9552;94.0448;-;-;-;-
14-May-2021;0.384216887;0.174845922;5.8744;94.1256;-;-;-;-
15-May-2021;0.375915591;0.172543868;5.7941;94.2059;-;-;-;-
16-May-2021;0.366974058;0.170074162;5.7143;94.2857;-;-;-;-
17-May-2021;0.357824209;0.16730334;5.635;94.365;-;-;-;-
18-May-2021;0.348956183;0.164374743;5.5562;94.4438;-;-;-;-
19-May-2021;0.34036845;0.161282039;5.478;94.522;-;-;-;-
20-May-2021;0.332723759;0.159277049;5.4002;94.5998;-;-;-;-
21-May-2021;0.327495305;0.157801101;5.323;94.677;-;-;-;-
22-May-2021;0.321012836;0.155639095;5.2462;94.7538;-;-;-;-
23-May-2021;0.314807538;0.153506466;5.1701;94.8299;-;-;-;-
24-May-2021;0.308410027;0.151296089;5.0944;94.9056;-;-;-;-
25-May-2021;0.302083246;0.148894508;5.0193;94.9807;277227.0155;39094.84051;86942.26188;96735.88212
26-May-2021;0.295923265;0.146402515;4.9447;95.0553;277227.0155;39094.84051;86942.26188;96735.88212
27-May-2021;0.29037718;0.144739415;4.8707;95.1293;277227.0155;39094.84051;86942.26188;96735.88212
28-May-2021;0.286600813;0.143367046;4.7972;95.2028;277227.0155;39094.84051;86942.26188;96735.88212
29-May-2021;0.281891487;0.1414745;4.7243;95.2757;277227.0155;39094.84051;86942.26188;96735.88212
30-May-2021;0.277379223;0.139484451;4.652;95.348;277227.0155;39094.84051;86942.26188;96735.88212
31-May-2021;0.272746;0.137475916;4.5802;95.4198;277227.0155;39094.84051;86942.26188;96735.88212
01-Jun-2021;0.268478211;0.135224512;4.509;95.491;277227.0155;39094.84051;86942.26188;96735.88212
02-Jun-2021;0.264137911;0.133201541;4.4384;95.5616;277227.0155;39094.84051;86942.26188;96735.88212
03-Jun-2021;0.260524682;0.13176662;4.3683;95.6317;277227.0155;39094.84051;86942.26188;96735.88212
04-Jun-2021;0.258199354;0.130816928;4.2988;95.7012;277227.0155;39094.84051;86942.26188;96735.88212
05-Jun-2021;0.254960767;0.128882342;4.2299;95.7701;277227.0155;39094.84051;86942.26188;96735.88212
06-Jun-2021;0.250917594;0.127083462;4.1616;95.8384;277227.0155;39094.84051;86942.26188;96735.88212
07-Jun-2021;0.246822615;0.125284582;4.094;95.906;277227.0155;39094.84051;86942.26188;96735.88212
08-Jun-2021;0.242674828;0.123485702;4.0269;95.9731;277227.0155;39094.84051;86942.26188;96735.88212
09-Jun-2021;0.238473204;0.121686823;3.9604;96.0396;277227.0155;39094.84051;86942.26188;96735.88212
10-Jun-2021;0.234216689;0.119887943;3.8945;96.1055;277227.0155;39094.84051;86942.26188;96735.88212
11-Jun-2021;0.2299042;0.118089063;3.8292;96.1708;277227.0155;39094.84051;86942.26188;96735.88212
12-Jun-2021;0.225534625;0.116290183;3.7646;96.2354;277227.0155;39094.84051;86942.26188;96735.88212
13-Jun-2021;0.221106824;0.114491304;3.7006;96.2994;277227.0155;39094.84051;86942.26188;96735.88212
14-Jun-2021;0.216619625;0.112692424;3.6372;96.3628;277227.0155;39094.84051;86942.26188;96735.88212
15-Jun-2021;0.212071824;0.110893544;3.5745;96.4255;277227.0155;39094.84051;86942.26188;96735.88212
16-Jun-2021;0.207462185;0.109094664;3.5123;96.4877;277227.0155;39094.84051;86942.26188;96735.88212
17-Jun-2021;0.202789439;0.107295785;3.4509;96.5491;277227.0155;39094.84051;86942.26188;96735.88212
18-Jun-2021;0.198052281;0.105496905;3.39;96.61;277227.0155;39094.84051;86942.26188;96735.88212
19-Jun-2021;0.19324937;0.103698025;3.3299;96.6701;277227.0155;39094.84051;86942.26188;96735.88212
20-Jun-2021;0.188379326;0.101899146;3.2704;96.7296;277227.0155;39094.84051;86942.26188;96735.88212
21-Jun-2021;0.183440734;0.100100266;3.2115;96.7885;277227.0155;39094.84051;86942.26188;96735.88212
22-Jun-2021;0.178445917;0.098301386;3.1533;96.8467;277227.0155;39094.84051;86942.26188;96735.88212
23-Jun-2021;0.173424212;0.096502506;3.0958;96.9042;277227.0155;39094.84051;86942.26188;96735.88212
24-Jun-2021;0.168330298;0.094703627;3.0389;96.9611;277227.0155;39094.84051;86942.26188;96735.88212
25-Jun-2021;0.163162607;0.092904747;2.9828;97.0172;277227.0155;39094.84051;86942.26188;96735.88212
26-Jun-2021;0.157919524;0.091105867;2.9273;97.0727;277227.0155;39094.84051;86942.26188;96735.88212
27-Jun-2021;0.152599387;0.089306987;2.8725;97.1275;277227.0155;39094.84051;86942.26188;96735.88212
28-Jun-2021;0.147200485;0.087508108;2.8184;97.1816;277227.0155;39094.84051;86942.26188;96735.88212
29-Jun-2021;0.141721056;0.085709228;2.765;97.235;277227.0155;39094.84051;86942.26188;96735.88212
30-Jun-2021;0.136159284;0.083910348;2.7123;97.2877;277227.0155;39094.84051;86942.26188;96735.88212
01-Jul-2021;0.1305133;0.082111468;2.6603;97.3397;202186.2838;70651.84341;134742.1562;92419.71652
02-Jul-2021;0.124781175;0.080312589;2.609;97.391;202186.2838;70651.84341;134742.1562;92419.71652
03-Jul-2021;0.118960924;0.078513709;2.5584;97.4416;202186.2838;70651.84341;134742.1562;92419.71652
04-Jul-2021;0.113050499;0.076714829;2.5085;97.4915;202186.2838;70651.84341;134742.1562;92419.71652
05-Jul-2021;0.107047787;0.07491595;2.4594;97.5406;202186.2838;70651.84341;134742.1562;92419.71652
06-Jul-2021;0.100950611;0.07311707;2.411;97.589;202186.2838;70651.84341;134742.1562;92419.71652
07-Jul-2021;0.094756722;0.07131819;2.3633;97.6367;202186.2838;70651.84341;134742.1562;92419.71652
08-Jul-2021;0.088463801;0.06951931;2.3163;97.6837;202186.2838;70651.84341;134742.1562;92419.71652
09-Jul-2021;0.082069453;0.067720431;2.2701;97.7299;202186.2838;70651.84341;134742.1562;92419.71652
10-Jul-2021;0.076122532;0.065921551;2.2247;97.7753;202186.2838;70651.84341;134742.1562;92419.71652
11-Jul-2021;0.071477602;0.064122671;2.18;97.82;202186.2838;70651.84341;134742.1562;92419.71652
12-Jul-2021;0.066755952;0.062323791;2.136;97.864;202186.2838;70651.84341;134742.1562;92419.71652
13-Jul-2021;0.061955665;0.060524912;2.0928;97.9072;202186.2838;70651.84341;134742.1562;92419.71652
14-Jul-2021;0.057074762;0.058726032;2.0504;97.9496;202186.2838;70651.84341;134742.1562;92419.71652
15-Jul-2021;0.052111194;0.056927152;2.0088;97.9912;202186.2838;70651.84341;134742.1562;92419.71652
16-Jul-2021;0.047062843;0.055128272;1.9679;98.0321;202186.2838;70651.84341;134742.1562;92419.71652
17-Jul-2021;0.041927518;0.053329393;1.9278;98.0722;202186.2838;70651.84341;134742.1562;92419.71652
18-Jul-2021;0.036702952;0.051530513;1.8884;98.1116;202186.2838;70651.84341;134742.1562;92419.71652
19-Jul-2021;0.031386798;0.049731633;1.8499;98.1501;202186.2838;70651.84341;134742.1562;92419.71652
20-Jul-2021;0.025978127;0.047932754;1.8121;98.1879;202186.2838;70651.84341;134742.1562;92419.71652
21-Jul-2021;0.022331032;0.046133874;1.7752;98.2248;202186.2838;70651.84341;134742.1562;92419.71652
22-Jul-2021;0.021214411;0.044334994;1.739;98.261;202186.2838;70651.84341;134742.1562;92419.71652
23-Jul-2021;0.020787489;0.042536114;1.7037;98.2963;202186.2838;70651.84341;134742.1562;92419.71652
24-Jul-2021;0.020352741;0.040737235;1.6691;98.3309;202186.2838;70651.84341;134742.1562;92419.71652
25-Jul-2021;0.019909948;0.038938355;1.6354;98.3646;202186.2838;70651.84341;134742.1562;92419.71652
26-Jul-2021;0.019458885;0.037139475;1.6025;98.3975;202186.2838;70651.84341;134742.1562;92419.71652
27-Jul-2021;0.018999319;0.035340595;1.5704;98.4296;202186.2838;70651.84341;134742.1562;92419.71652
28-Jul-2021;0.018531007;0.033541716;1.5391;98.4609;202186.2838;70651.84341;134742.1562;92419.71652
29-Jul-2021;0.018053696;0.031742836;1.5087;98.4913;202186.2838;70651.84341;134742.1562;92419.71652
30-Jul-2021;0.017567125;0.029943956;1.4791;98.5209;202186.2838;70651.84341;134742.1562;92419.71652
31-Jul-2021;0.017071022;0.028145076;1.4504;98.5496;202186.2838;70651.84341;134742.1562;92419.71652
01-Aug-2021;0.016565103;0.026346197;1.4224;98.5776;202186.2838;70651.84341;134742.1562;92419.71652
02-Aug-2021;0.016049075;0.024547317;1.3954;98.6046;202186.2838;70651.84341;134742.1562;92419.71652
03-Aug-2021;0.015522632;0.022748437;1.3692;98.6308;202186.2838;70651.84341;134742.1562;92419.71652
04-Aug-2021;0.014985455;0.020949558;1.3438;98.6562;202186.2838;70651.84341;134742.1562;92419.71652
05-Aug-2021;0.014437212;0.019150678;1.3193;98.6807;202186.2838;70651.84341;134742.1562;92419.71652
06-Aug-2021;0.013877557;0.017351798;1.2957;98.7043;202186.2838;70651.84341;134742.1562;92419.71652
07-Aug-2021;0.013306132;0.015552918;1.2729;98.7271;202186.2838;70651.84341;134742.1562;92419.71652
08-Aug-2021;0.01272256;0.013754039;1.2511;98.7489;202186.2838;70651.84341;134742.1562;92419.71652
09-Aug-2021;0.01212645;0.011955159;1.2301;98.7699;202186.2838;70651.84341;134742.1562;92419.71652
10-Aug-2021;0.011517394;0.010156279;1.21;98.79;202186.2838;70651.84341;134742.1562;92419.71652
11-Aug-2021;0.010894965;0.008357399;1.1907;98.8093;202186.2838;70651.84341;134742.1562;92419.71652
12-Aug-2021;0.010258717;0.00655852;1.1724;98.8276;202186.2838;70651.84341;134742.1562;92419.71652
13-Aug-2021;0.009608187;0.00475964;1.155;98.845;202186.2838;70651.84341;134742.1562;92419.71652
14-Aug-2021;0.008942886;0.00296076;1.1385;98.8615;202186.2838;70651.84341;134742.1562;92419.71652
15-Aug-2021;0.008280165;0.001161881;1.1228;98.8772;202186.2838;70651.84341;134742.1562;92419.71652
16-Aug-2021;0.007968051;0;1.1081;98.8919;202186.2838;70651.84341;134742.1562;92419.71652
17-Aug-2021;0.007648601;0;1.0943;98.9057;202186.2838;70651.84341;134742.1562;92419.71652
18-Aug-2021;0.007321553;0;1.0815;98.9185;202186.2838;70651.84341;134742.1562;92419.71652
19-Aug-2021;0.006986633;0;1.0695;98.9305;202186.2838;70651.84341;134742.1562;92419.71652
20-Aug-2021;0.006643553;0;1.0585;98.9415;202186.2838;70651.84341;134742.1562;92419.71652
21-Aug-2021;0.006292011;0;1.0484;98.9516;202186.2838;70651.84341;134742.1562;92419.71652
22-Aug-2021;0.005931691;0;1.0393;98.9607;202186.2838;70651.84341;134742.1562;92419.71652
23-Aug-2021;0.005562258;0;1.0311;98.9689;202186.2838;70651.84341;134742.1562;92419.71652
24-Aug-2021;0.005183364;0;1.0238;98.9762;202186.2838;70651.84341;134742.1562;92419.71652
25-Aug-2021;0.004794639;0;1.0175;98.9825;202186.2838;70651.84341;134742.1562;92419.71652
26-Aug-2021;0.004395697;0;1.0122;98.9878;202186.2838;70651.84341;134742.1562;92419.71652
27-Aug-2021;0.003986129;0;1.0078;98.9922;202186.2838;70651.84341;134742.1562;92419.71652
28-Aug-2021;0.003565505;0;1.0044;98.9956;202186.2838;70651.84341;134742.1562;92419.71652
29-Aug-2021;0.003133371;0;1.002;98.998;202186.2838;70651.84341;134742.1562;92419.71652
30-Aug-2021;0.002689248;0;1.0005;98.9995;202186.2838;70651.84341;134742.1562;92419.71652
31-Aug-2021;0.00223263;0;1;99;202186.2838;70651.84341;134742.1562;92419.71652
